{"proxies":{"de.marcelpociot.circularslider.ViewProxy":{"superPackageName":"org.appcelerator.titanium.proxy","superProxyBindingClassName":"org.appcelerator.titanium.proxy.TiViewProxyBindingGen","proxyClassName":"ViewProxy","proxyAttrs":{"propertyAccessors":[],"fullAPIName":"TiCircularSlider.View","name":"View","proxyClassName":"de.marcelpociot.circularslider.ViewProxy","isTopLevel":false,"id":"de.marcelpociot.circularslider.ViewProxy","creatableInModule":"de.marcelpociot.circularslider.TiCircularSliderModule","parentModule":"org.appcelerator.kroll.annotations.Kroll.DEFAULT"},"packageName":"de.marcelpociot.circularslider","sourceName":"de.marcelpociot.circularslider.ViewProxyBindingGen","isTitaniumSdk":false,"superProxyClassName":"TiViewProxy","isModule":false,"genClassName":"ViewProxyBindingGen"},"de.marcelpociot.circularslider.TiCircularSliderModule":{"superPackageName":"org.appcelerator.kroll","superProxyBindingClassName":"org.appcelerator.kroll.KrollModuleBindingGen","proxyClassName":"TiCircularSliderModule","proxyAttrs":{"propertyAccessors":[],"fullAPIName":"TiCircularSlider","name":"TiCircularSlider","proxyClassName":"de.marcelpociot.circularslider.TiCircularSliderModule","isTopLevel":false,"id":"de.marcelpociot.circularslider"},"packageName":"de.marcelpociot.circularslider","sourceName":"de.marcelpociot.circularslider.TiCircularSliderModuleBindingGen","isTitaniumSdk":false,"superProxyClassName":"KrollModule","isModule":true,"genClassName":"TiCircularSliderModuleBindingGen","onAppCreate":"onAppCreate"}},"modules":{"de.marcelpociot.circularslider.TiCircularSliderModule":{"apiName":"TiCircularSlider","createProxies":[{"propertyAccessors":[],"fullAPIName":"TiCircularSlider.View","name":"View","proxyClassName":"de.marcelpociot.circularslider.ViewProxy","isTopLevel":false,"id":"de.marcelpociot.circularslider.ViewProxy","creatableInModule":"de.marcelpociot.circularslider.TiCircularSliderModule","parentModule":"org.appcelerator.kroll.annotations.Kroll.DEFAULT"}]}}}